{
  "rf": 0.10559,
  "lr": 0.227866,
  "xgb": 0.360122
}